review_priority,priority_reason,parent_record_id,obligation_id,article_id,paragraph_id,article_title,parent_topic_family,parent_decomposition_strategy,obligation_label,obligation_summary,source_span_text,product_scope,channel_scope,obligation_mode,trigger_type,operationality,consumer_visibility,gemini_confidence,reviewer_note
high,split_parent|not_direct_checkable|core_obligation_mode,law_fincpa_main_2026-01-02:제14조:②,law_fincpa_main_2026-01-02:제14조:②:ob02,제14조,②,신의성실의무 등,general_principle,split_unit,law_fincpa_main_2026-01-02:제14조:②:02,Do not harm financial consumers' interests to benefit oneself or a third party without justifiable reasons.,정당한 사유 없이 금융소비자의 이익을 해치면서 자기가 이익을 얻거나 제3자가 이 익을 얻도록 해서는 아니 된다.,general,all_customer_facing,prohibited_action,must_not_do,needs_subrule_design,both,high,This is a prohibition of conflict of interest and unfair self-dealing at the expense of the consumer.
high,high_priority_article|split_parent|not_direct_checkable|core_obligation_mode,law_fincpa_main_2026-01-02:제17조:②,law_fincpa_main_2026-01-02:제17조:②:ob01,제17조,②,적합성원칙,consumer_fit_assessment,split_unit,law_fincpa_main_2026-01-02:제17조:②:1,"일반금융소비자에게 권유 시 면담·질문 등을 통해 금융상품 유형별(보장성, 투자성, 대출성 등) 소비자 정보를 파악해야 한다.",면담ㆍ질문 등을 통하여 다음 각 호의 구분에 따른 정보를 파악하고,multiple,solicitation|advisory,workflow_control,must_do,needs_subrule_design,consumer_facing,high,This covers the information gathering duty for suitability assessment across different product types.
high,high_priority_article|split_parent|core_obligation_mode,law_fincpa_main_2026-01-02:제17조:③,law_fincpa_main_2026-01-02:제17조:③:ob01,제17조,③,적합성원칙,consumer_fit_assessment,split_unit,law_fincpa_main_2026-01-02:제17조:③:01,Prohibit recommending contracts deemed unsuitable for general financial consumers based on their assessed profile.,금융상품판매업자등은 제2항 각 호의 구분에 따른 정보를 고려하여 그 일반금융소비자에 게 적합하지 아니하다고 인정되는 계약 체결을 권유해서는 아니 된다.,general,solicitation,prohibited_action,must_not_do,direct_checkable,consumer_facing,high,"This is the core prohibition of the suitability principle, banning the solicitation of unsuitable financial products to general consumers."
high,high_priority_article|split_parent|not_direct_checkable|core_obligation_mode,law_fincpa_main_2026-01-02:제17조:③,law_fincpa_main_2026-01-02:제17조:③:ob02,제17조,③,적합성원칙,consumer_fit_assessment,split_unit,law_fincpa_main_2026-01-02:제17조:③:02,Apply suitability assessment criteria as prescribed by Presidential Decree.,이 경우 적합성 판단 기준은 제2항 각 호의 구분에 따라 대통령령으로 정한다.,general,solicitation,workflow_control,delegated_detail,delegated_to_decree,internal_only,high,"The specific criteria for determining suitability are delegated to the Presidential Decree, requiring internal system alignment with the decree's standards."
high,high_priority_article|not_direct_checkable|core_obligation_mode,law_fincpa_main_2026-01-02:제17조:④,law_fincpa_main_2026-01-02:제17조:④:ob01,제17조,④,적합성원칙,consumer_fit_assessment,single_unit,law_fincpa_main_2026-01-02:제17조:④:01,금융상품판매업자등이 파악해야 하는 금융상품 유형별 정보의 세부 내용은 대통령령이 정하는 바에 따른다.,금융상품판매업자등이 금융상품의 유형별로 파악하여야 하는 정보의 세부 적인 내용은 대통령령으로 정한다.,general,solicitation|contracting,required_content,delegated_detail,delegated_to_decree,internal_only,high,This is a delegation clause pointing to the Presidential Decree for the specific details of consumer information to be collected.
high,high_priority_article|split_parent|core_obligation_mode,law_fincpa_main_2026-01-02:제17조:⑤,law_fincpa_main_2026-01-02:제17조:⑤:ob01,제17조,⑤,적합성원칙,consumer_fit_assessment,split_unit,law_fincpa_main_2026-01-02:제17조:⑤:01,Exempt suitability principle requirements when selling private equity funds to professional-type private collective investment schemes.,금융상품판매업자등이 「자본시장과 금융투자업에 관한 법률」 제249조의2에 따른 전문투자형 사모집합투자기구의 집합투자증권을 판매하는 경우에는 제1항부터 제3항까지의 규정을 적용하지 아니한다.,investment,solicitation|contracting,workflow_control,must_have_control,direct_checkable,internal_only,high,This establishes the baseline exemption for private equity fund sales from suitability assessments.
high,high_priority_article|split_parent|not_direct_checkable|core_obligation_mode,law_fincpa_main_2026-01-02:제17조:⑤,law_fincpa_main_2026-01-02:제17조:⑤:ob02,제17조,⑤,적합성원칙,consumer_fit_assessment,split_unit,law_fincpa_main_2026-01-02:제17조:⑤:02,Apply suitability principle requirements if a general financial consumer among qualified investors requests it under Presidential Decree.,"다만, 같은 법 제249조의2에 따른 적격투자자 중 일반금융소비자등 대통령령으로 정하는 자가 대통령령으로 정하는 바에 따라 요청하는 경우에는 그러하지 아니하다.",investment,solicitation|contracting,workflow_control,must_do,needs_subrule_design,consumer_facing,high,"This is a critical exception where the suitability principle must be reapplied upon consumer request, requiring system support to process such requests."
high,high_priority_article|split_parent|core_obligation_mode,law_fincpa_main_2026-01-02:제18조:①,law_fincpa_main_2026-01-02:제18조:①:ob01,제18조,①,적정성원칙,consumer_fit_assessment,split_unit,law_fincpa_main_2026-01-02:제18조:①:1,Gather consumer profile information for insurance (보장성) products through interviews or questionnaires before contracting without solicitation.,보장성 상품: 제17조제2항제1호 각 목의 정보,insurance,contracting,workflow_control,must_do,direct_checkable,consumer_facing,high,Applies when a general consumer attempts to sign an insurance contract without prior solicitation.
high,high_priority_article|split_parent|core_obligation_mode,law_fincpa_main_2026-01-02:제18조:①,law_fincpa_main_2026-01-02:제18조:①:ob02,제18조,①,적정성원칙,consumer_fit_assessment,split_unit,law_fincpa_main_2026-01-02:제18조:①:2,Gather consumer profile information for investment (투자성) products through interviews or questionnaires before contracting without solicitation.,투자성 상품: 제17조제2항제2호 각 목의 정보,investment,contracting,workflow_control,must_do,direct_checkable,consumer_facing,high,Applies when a general consumer attempts to sign an investment contract without prior solicitation.
high,high_priority_article|split_parent|core_obligation_mode,law_fincpa_main_2026-01-02:제18조:①,law_fincpa_main_2026-01-02:제18조:①:ob03,제18조,①,적정성원칙,consumer_fit_assessment,split_unit,law_fincpa_main_2026-01-02:제18조:①:3,Gather consumer profile information for loan (대출성) products through interviews or questionnaires before contracting without solicitation.,대출성 상품: 제17조제2항제3호 각 목의 정보,loan,contracting,workflow_control,must_do,direct_checkable,consumer_facing,high,Applies when a general consumer attempts to sign a loan contract without prior solicitation.
high,high_priority_article|split_parent|not_direct_checkable|core_obligation_mode,law_fincpa_main_2026-01-02:제18조:①,law_fincpa_main_2026-01-02:제18조:①:ob04,제18조,①,적정성원칙,consumer_fit_assessment,split_unit,law_fincpa_main_2026-01-02:제18조:①:4,Gather additional information prescribed by Presidential Decree necessary to determine adequacy before contracting without solicitation.,금융상품판매업자가 금융상품 판매 계약이 일반금융소비자에게 적정한지를 판단하는 데 필요하다고 인정되는 정보로서 대통령령으로 정하는 사항,multiple,contracting,workflow_control,delegated_detail,delegated_to_decree,consumer_facing,high,Requires checking the Enforcement Decree for additional mandatory data points to assess adequacy.
high,high_priority_article|split_parent|not_direct_checkable|core_obligation_mode,law_fincpa_main_2026-01-02:제18조:②,law_fincpa_main_2026-01-02:제18조:②:ob01,제18조,②,적정성원칙,consumer_fit_assessment,split_unit,law_fincpa_main_2026-01-02:제18조:②:01,Notify the general financial consumer if a product is determined to be unsuitable based on the adequacy assessment.,해당 금융상품 이 그 일반금융소비자에게 적정하지 아니하다고 판단되는 경우에는 대통령령으로 정하는 바 에 따라 그 사실을 알리고,multiple,solicitation|contracting,workflow_control,must_do,needs_subrule_design,consumer_facing,high,Requires integration into the sales workflow to trigger an unsuitability alert/notification to the consumer.
high,high_priority_article|not_direct_checkable|core_obligation_mode,law_fincpa_main_2026-01-02:제18조:③,law_fincpa_main_2026-01-02:제18조:③:ob01,제18조,③,적정성원칙,consumer_fit_assessment,single_unit,law_fincpa_main_2026-01-02:제18조:③:01,Identify the detailed content of information for the adequacy principle as prescribed by the Presidential Decree.,금융상품판매업자가 금융상품의 유형별로 파악하여야 하는 정보의 세부적 인 내용은 대통령령으로 정한다,general,solicitation|contracting,required_content,delegated_detail,delegated_to_decree,internal_only,high,This is a delegation clause pointing to the Presidential Decree for the specific details of the information to be collected under the adequacy principle.
high,high_priority_article|split_parent|core_obligation_mode,law_fincpa_main_2026-01-02:제18조:④,law_fincpa_main_2026-01-02:제18조:④:ob01,제18조,④,적정성원칙,consumer_fit_assessment,split_unit,law_fincpa_main_2026-01-02:제18조:④:1,Exempt the application of the adequacy principle (Paragraphs 1 and 2) when selling private equity investment securities under the Capital Markets Act.,금융상품판매업자가 「자본시장과 금융투자업에 관한 법률」 제249조의2에 따른 전문투자 형 사모집합투자기구의 집합투자증권을 판매하는 경우에는 제1항과 제2항을 적용하지 아니 한다.,investment,solicitation|contracting,workflow_control,must_do,direct_checkable,internal_only,high,This establishes the baseline exemption rule for private equity fund sales.
high,high_priority_article|split_parent|not_direct_checkable|core_obligation_mode,law_fincpa_main_2026-01-02:제18조:④,law_fincpa_main_2026-01-02:제18조:④:ob02,제18조,④,적정성원칙,consumer_fit_assessment,split_unit,law_fincpa_main_2026-01-02:제18조:④:2,Apply the adequacy principle to private equity sales if requested by eligible general financial consumers as prescribed by Presidential Decree.,"다만, 같은 법 제249조의2에 따른 적격투자자 중 일반금융소비자 등 대통령령으로 정 하는 자가 대통령령으로 정하는 바에 따라 요청하는 경우에는 그러하지 아니하다.",investment,solicitation|contracting,workflow_control,must_do,needs_subrule_design,consumer_facing,high,"This is a critical exception to the exemption, requiring system capability to process consumer requests for adequacy assessment."
high,high_priority_article|split_parent|not_direct_checkable|core_obligation_mode,law_fincpa_main_2026-01-02:제19조:①,law_fincpa_main_2026-01-02:제19조:①:ob01,제19조,①,설명의무,explanation_duty,split_unit,law_fincpa_main_2026-01-02:제19조:①:보장성,"보장성 상품 권유 또는 설명 요청 시 보험료, 지급제한 사유, 위험보장 범위 등 중요 사항을 일반금융소비자에게 설명해야 함",가. 보장성 상품 1) 보장성 상품의 내용 2) 보험료... 3) 보험금... 지급제한 사유 및 지급절차 4) 위험보장의 범위 5) 그 밖에 위험보장 기간 등 보장성 상품에 관한 중요한 사항으로서 대통령령으로 정하는 사항,insurance,solicitation|contracting,required_content,must_do,needs_subrule_design,consumer_facing,high,보장성 상품(보험 등)에 특화된 설명의무 항목을 규정함
high,high_priority_article|split_parent|not_direct_checkable|core_obligation_mode,law_fincpa_main_2026-01-02:제19조:①,law_fincpa_main_2026-01-02:제19조:①:ob02,제19조,①,설명의무,explanation_duty,split_unit,law_fincpa_main_2026-01-02:제19조:①:투자성,"투자성 상품 권유 또는 설명 요청 시 상품 내용, 투자 위험, 위험등급, 수수료 등 중요 사항을 일반금융소비자에게 설명해야 함",나. 투자성 상품 1) 투자성 상품의 내용 2) 투자에 따른 위험 3) ...위험등급 4) 그 밖에 금융소비자가 부담해야 하는 수수료 등 투자성 상품에 관한 중요한 사항으로서 대통령령으로 정하는 사항,investment,solicitation|contracting,required_content,must_do,needs_subrule_design,consumer_facing,high,투자성 상품에 특화된 설명의무 항목으로 투자위험 및 위험등급 고지가 핵심임
high,high_priority_article|split_parent|not_direct_checkable|core_obligation_mode,law_fincpa_main_2026-01-02:제19조:①,law_fincpa_main_2026-01-02:제19조:①:ob03,제19조,①,설명의무,explanation_duty,split_unit,law_fincpa_main_2026-01-02:제19조:①:예금성,"예금성 상품 권유 또는 설명 요청 시 상품 내용, 이자율, 수익률 등 중요 사항을 일반금융소비자에게 설명해야 함","다. 예금성 상품 1) 예금성 상품의 내용 2) 그 밖에 이자율, 수익률 등 예금성 상품에 관한 중요한 사항으로서 대통령령으로 정하는 사항",deposit,solicitation|contracting,required_content,must_do,needs_subrule_design,consumer_facing,high,예금성 상품에 특화된 설명의무 항목을 규정함
high,high_priority_article|split_parent|not_direct_checkable|core_obligation_mode,law_fincpa_main_2026-01-02:제19조:①,law_fincpa_main_2026-01-02:제19조:①:ob04,제19조,①,설명의무,explanation_duty,split_unit,law_fincpa_main_2026-01-02:제19조:①:대출성,"대출성 상품 권유 또는 설명 요청 시 금리 변동 여부, 중도상환수수료, 담보권 설정, 총 부담 금액 등 중요 사항을 일반금융소비자에게 설명해야 함","라. 대출성 상품 1) 금리 및 변동 여부, 중도상환수수료... 2) 상환방법에 따른 상환금액ㆍ이자율ㆍ시기 3) 저당권 등 담보권 설정에 관한 사항... 4) 대출원리금, 수수료 등 금융소비자가 대출계약을 체결하는 경우 부담하여야 하는 금액의 총액 5) 그 밖에 대출계약의 해지에 관한 사항 등 대출성 상품에 관한 중요한 사항으로서 대통령령으로 정하는 사항",loan,solicitation|contracting,required_content,must_do,needs_subrule_design,consumer_facing,high,대출성 상품에 특화된 설명의무 항목으로 중도상환수수료 및 담보권 실행 조건 등이 핵심임
high,high_priority_article|split_parent|not_direct_checkable|core_obligation_mode,law_fincpa_main_2026-01-02:제19조:①,law_fincpa_main_2026-01-02:제19조:①:ob05,제19조,①,설명의무,explanation_duty,split_unit,law_fincpa_main_2026-01-02:제19조:①:연계제휴서비스,"금융상품과 연계되거나 제휴된 서비스가 있는 경우 연계·제휴 서비스의 내용, 이행책임, 제공기간 등을 설명해야 함",2. 제1호 각 목의 금융상품과 연계되거나 제휴된 금융상품 또는 서비스 등... 가. 연계ㆍ제휴서비스등의 내용 나. 연계ㆍ제휴서비스등의 이행책임에 관한 사항 다. 그 밖에 연계ㆍ제휴서비스등의 제공기간 등 연계ㆍ제휴서비스등에 관한 중요한 사항으로서 대통령령으로 정하는 사항,multiple,solicitation|contracting,required_content,must_do,needs_subrule_design,consumer_facing,high,주요 금융상품에 부가되는 연계 및 제휴 서비스에 대한 설명의무를 규정함
high,high_priority_article|split_parent|core_obligation_mode,law_fincpa_main_2026-01-02:제19조:①,law_fincpa_main_2026-01-02:제19조:①:ob06,제19조,①,설명의무,explanation_duty,split_unit,law_fincpa_main_2026-01-02:제19조:①:청약철회,"금융상품 계약 체결 권유 또는 설명 요청 시 청약 철회의 기한, 행사방법, 효과에 관한 사항을 설명해야 함",3. 제46조에 따른 청약 철회의 기한ㆍ행사방법ㆍ효과에 관한 사항,multiple,solicitation|contracting,required_content,must_do,direct_checkable,consumer_facing,high,청약철회권에 관한 공통 설명의무 사항임
high,high_priority_article|split_parent|core_obligation_mode,law_fincpa_main_2026-01-02:제19조:②,law_fincpa_main_2026-01-02:제19조:②:ob02,제19조,②,설명의무,explanation_duty,split_unit,law_fincpa_main_2026-01-02:제19조:②:02,"Obtain confirmation of understanding from the general financial consumer via signature, seal, recording, or other prescribed methods.","설명한 내용을 일반금융소비자가 이해하였음을 서명, 기명날인, 녹취 또는 그 밖에 대통령령으로 정하는 방법으로 확인을 받아야 한다.",general,solicitation|contracting,workflow_control,must_do,direct_checkable,consumer_facing,high,This requires a specific workflow control to capture and record the consumer's confirmation of understanding using legally valid methods.
high,high_priority_article|split_parent|core_obligation_mode,law_fincpa_main_2026-01-02:제19조:③,law_fincpa_main_2026-01-02:제19조:③:ob01,제19조,③,설명의무,explanation_duty,split_unit,law_fincpa_main_2026-01-02:제19조:③:01,Prohibition of false or distorted explanations regarding material matters affecting consumer judgment or product value,일반금융소비자의 합리적인 판단 또는 금융상품의 가치에 중대한 영향을 미칠 수 있는 사항으로서 대통령령으로 정하는 사항을 거짓으로 또는 왜곡(...)하여 설명하거나,general,solicitation|contracting,prohibited_action,must_not_do,direct_checkable,consumer_facing,high,Distortion includes providing conclusive judgments on uncertain matters or causing consumers to mistake them as certain.
high,high_priority_article|split_parent|not_direct_checkable|core_obligation_mode,law_fincpa_main_2026-01-02:제19조:③,law_fincpa_main_2026-01-02:제19조:③:ob02,제19조,③,설명의무,explanation_duty,split_unit,law_fincpa_main_2026-01-02:제19조:③:02,Prohibition of omitting important matters prescribed by Presidential Decree during explanations,대통령령으로 정하는 중요한 사항을 빠뜨려서는 아니 된다.,general,solicitation|contracting,prohibited_action,must_not_do,needs_subrule_design,consumer_facing,high,Requires cross-referencing with the Enforcement Decree to identify the specific list of important matters that must not be omitted.
high,high_priority_article|not_direct_checkable|core_obligation_mode,law_fincpa_main_2026-01-02:제19조:④,law_fincpa_main_2026-01-02:제19조:④:ob01,제19조,④,설명의무,explanation_duty,single_unit,law_fincpa_main_2026-01-02:제19조:④:01,"Follow the detailed requirements for the content, delivery methods, and procedures of explanatory statements as prescribed by the Presidential Decree.",제2항에 따른 설명서의 내용 및 제공 방법ㆍ절차에 관한 세부내용은 대통령령으로 정한다.,general,contracting,workflow_control,delegated_detail,delegated_to_decree,both,high,This is a delegation clause pointing to the Presidential Decree for specific operational procedures and content requirements of explanatory statements.
high,high_priority_article|split_parent|core_obligation_mode,law_fincpa_main_2026-01-02:제20조:①,law_fincpa_main_2026-01-02:제20조:①:ob01,제20조,①,불공정영업행위의 금지,unfair_sales_practice,split_unit,law_fincpa_main_2026-01-02:제20조:①:1,대출성 상품 등 계약 체결 시 금융소비자의 의사에 반하여 다른 금융상품 계약 체결을 강요하는 행위 금지,"대출성 상품, 그 밖에 대통령령으로 정하는 금융상품에 관한 계약체결과 관련하여 금융소비자의 의사에 반하여 다른 금융상품의 계약체결을 강요하는 행위",multiple,contracting,prohibited_action,must_not_do,direct_checkable,consumer_facing,high,대출성 상품 및 대통령령으로 정하는 상품에 대한 꺾기(끼워팔기) 강요 행위를 금지합니다.
high,high_priority_article|split_parent|core_obligation_mode,law_fincpa_main_2026-01-02:제20조:①,law_fincpa_main_2026-01-02:제20조:①:ob02,제20조,①,불공정영업행위의 금지,unfair_sales_practice,split_unit,law_fincpa_main_2026-01-02:제20조:①:2,대출성 상품 등 계약 체결 시 부당하게 담보나 보증을 요구하는 행위 금지,"대출성 상품, 그 밖에 대통령령으로 정하는 금융상품에 관한 계약체결과 관련하여 부당하게 담보를 요구하거나 보증을 요구하는 행위",multiple,contracting,prohibited_action,must_not_do,direct_checkable,consumer_facing,high,부당한 담보 및 보증 요구 행위를 금지합니다.
high,high_priority_article|split_parent|core_obligation_mode,law_fincpa_main_2026-01-02:제20조:①,law_fincpa_main_2026-01-02:제20조:①:ob03,제20조,①,불공정영업행위의 금지,unfair_sales_practice,split_unit,law_fincpa_main_2026-01-02:제20조:①:3,금융상품판매업자등 또는 임직원이 업무와 관련하여 편익을 요구하거나 제공받는 행위 금지,금융상품판매업자등 또는 그 임직원이 업무와 관련하여 편익을 요구하거나 제공받는 행위,general,all_customer_facing,prohibited_action,must_not_do,direct_checkable,internal_only,high,임직원의 사적 편익 수취 및 요구를 금지하는 내부통제 기준이 필요합니다.
high,high_priority_article|split_parent|core_obligation_mode,law_fincpa_main_2026-01-02:제20조:①,law_fincpa_main_2026-01-02:제20조:①:ob04,제20조,①,불공정영업행위의 금지,unfair_sales_practice,split_unit,law_fincpa_main_2026-01-02:제20조:①:4:가,자기 또는 제3자의 이익을 위해 특정 대출 상환방식을 강요하는 행위 금지,자기 또는 제3자의 이익을 위하여 금융소비자에게 특정 대출 상환방식을 강요하는 행위,loan,contracting,prohibited_action,must_not_do,direct_checkable,consumer_facing,high,대출성 상품에 한하여 특정 상환방식 강요를 금지합니다.
high,high_priority_article|split_parent|not_direct_checkable|core_obligation_mode,law_fincpa_main_2026-01-02:제20조:①,law_fincpa_main_2026-01-02:제20조:①:ob05,제20조,①,불공정영업행위의 금지,unfair_sales_practice,split_unit,law_fincpa_main_2026-01-02:제20조:①:4:나,예외 사유에 해당하지 않는 한 중도상환수수료를 부과하는 행위 금지,"1)부터 3)까지의 경우를 제외하고 수수료, 위약금 또는 그 밖에 어떤 명목이든 중도상환수수료를 부과하는 행위",loan,contracting,prohibited_action,must_not_do,needs_subrule_design,consumer_facing,high,"대출 계약일로부터 3년 초과 시 원칙적으로 중도상환수수료 부과가 금지되며, 예외 요건을 시스템적으로 통제해야 합니다."
high,high_priority_article|split_parent|core_obligation_mode,law_fincpa_main_2026-01-02:제20조:①,law_fincpa_main_2026-01-02:제20조:①:ob06,제20조,①,불공정영업행위의 금지,unfair_sales_practice,split_unit,law_fincpa_main_2026-01-02:제20조:①:4:다,개인 대출 등 계약 시 제3자의 연대보증을 요구하는 행위 금지,개인에 대한 대출 등 대통령령으로 정하는 대출상품의 계약과 관련하여 제3자의 연대보증을 요구하는 경우,loan,contracting,prohibited_action,must_not_do,direct_checkable,consumer_facing,high,개인 대출 등에서 제3자 연대보증 요구를 원칙적으로 금지합니다.
high,high_priority_article|split_parent|not_direct_checkable|core_obligation_mode,law_fincpa_main_2026-01-02:제20조:①,law_fincpa_main_2026-01-02:제20조:①:ob07,제20조,①,불공정영업행위의 금지,unfair_sales_practice,split_unit,law_fincpa_main_2026-01-02:제20조:①:5,예외 사유 없이 연계·제휴서비스를 부당하게 축소하거나 변경하는 행위 금지,연계ㆍ제휴서비스등이 있는 경우 연계ㆍ제휴서비스등을 부당하게 축소하거나 변경하는 행위로서 대통령령으로 정하는 행위,general,all_customer_facing,prohibited_action,must_not_do,needs_subrule_design,consumer_facing,high,제휴 서비스 축소/변경 시 상응하는 대체 서비스 제공 등 예외 요건을 충족해야 합니다.
high,high_priority_article|split_parent|core_obligation_mode,law_fincpa_main_2026-01-02:제21조,law_fincpa_main_2026-01-02:제21조:ob01,제21조,,부당권유행위 금지,improper_solicitation,split_unit,fincpa_art21_general_prohibitions,"금융상품 계약 체결 권유 시 단정적 판단 제공, 허위 사실 고지, 중요 사항 묵비, 객관적 근거 없는 비교 행위를 금지한다.",1. 불확실한 사항에 대하여 단정적 판단을 제공하거나 확실하다고 오인하게 할 소지가 있는 내용을 알리는 행위 2. 금융상품의 내용을 사실과 다르게 알리는 행위 3. 금융상품의 가치에 중대한 영향을 미치는 사항을 미리 알고 있으면서 금융소비자에게 알리지 아니하는 행위 4. 금융상품 내용의 일부에 대하여 비교대상 및 기준을 밝히지 아니하거나 객관적인 근거 없이 다른 금융상품과 비교하여 해당 금융상품이 우수하거나 유리하다고 알리는 행위,general,solicitation,prohibited_action,must_not_do,direct_checkable,consumer_facing,high,This covers the general improper solicitation prohibitions applicable to all financial products (Items 1 through 4).
high,high_priority_article|split_parent|core_obligation_mode,law_fincpa_main_2026-01-02:제21조,law_fincpa_main_2026-01-02:제21조:ob02,제21조,,부당권유행위 금지,improper_solicitation,split_unit,fincpa_art21_insurance_prohibitions,보장성 상품 권유 시 소비자의 중요 사항 고지를 방해하거나 부실 고지를 권유하는 행위를 금지한다.,5. 보장성 상품의 경우 다음 각 목의 어느 하나에 해당하는 행위 가. 금융소비자가 보장성 상품 계약의 중요한 사항을 금융상품직접판매업자에게 알리는 것을 방해하거나 알리지 아니할 것을 권유하는 행위 나. 금융소비자가 보장성 상품 계약의 중요한 사항에 대하여 부실하게 금융상품직접판매업자에게 알릴 것을 권유하는 행위,insurance,solicitation,prohibited_action,must_not_do,direct_checkable,consumer_facing,high,This applies specifically to insurance (보장성) products regarding the duty of disclosure (고지의무 방해 금지).
high,high_priority_article|split_parent|core_obligation_mode,law_fincpa_main_2026-01-02:제21조,law_fincpa_main_2026-01-02:제21조:ob03,제21조,,부당권유행위 금지,improper_solicitation,split_unit,fincpa_art21_investment_unsolicited_contact,"투자성 상품 권유 시 소비자의 요청 없는 실시간 대화(방문, 전화 등)를 통한 권유 행위를 금지한다.",6. 투자성 상품의 경우 다음 각 목의 어느 하나에 해당하는 행위 가. 금융소비자로부터 계약의 체결권유를 해줄 것을 요청받지 아니하고 방문ㆍ전화 등 실시간 대화의 방법을 이용하는 행위,investment,visit_sales|phone_sales,prohibited_action,must_not_do,direct_checkable,consumer_facing,high,This restricts unsolicited real-time contact (cold calling/visiting) for investment products.
high,high_priority_article|split_parent|core_obligation_mode,law_fincpa_main_2026-01-02:제21조,law_fincpa_main_2026-01-02:제21조:ob04,제21조,,부당권유행위 금지,improper_solicitation,split_unit,fincpa_art21_investment_refusal_persistence,투자성 상품 권유를 거부한 소비자에게 계속하여 계약 체결 권유를 하는 행위를 금지한다.,6. 투자성 상품의 경우 다음 각 목의 어느 하나에 해당하는 행위 나. 계약의 체결권유를 받은 금융소비자가 이를 거부하는 취지의 의사를 표시하였는데도 계약의 체결권유를 계속하는 행위,investment,solicitation,prohibited_action,must_not_do,direct_checkable,consumer_facing,high,This prohibits persistent solicitation after a consumer has explicitly rejected the offer for investment products.
high,split_parent|not_direct_checkable|core_obligation_mode,law_fincpa_main_2026-01-02:제21조의2:①,law_fincpa_main_2026-01-02:제21조의2:①:ob02,제21조의2,①,방문판매 및 전화권유판매 관련 준수사항,improper_solicitation,split_unit,law_fincpa_main_2026-01-02:제21조의2:①:2,Inform general consumers of the methods and procedures for exercising their right to prohibit solicitation contacts.,제1호에 따른 권리의 행사방법 및 절차,general,solicitation|visit_sales|phone_sales,required_content,must_disclose,needs_subrule_design,consumer_facing,high,Requires establishing and disclosing the specific procedures and channels through which consumers can exercise their opt-out rights.
high,high_priority_article|split_parent|core_obligation_mode,law_fincpa_main_2026-01-02:제22조:①,law_fincpa_main_2026-01-02:제22조:①:ob01,제22조,①,금융상품등에 관한 광고 관련 준수사항,advertising_compliance,split_unit,law_fincpa_main_2026-01-02:제22조:①:01,Prohibit unauthorized entities and certain investment product agents/brokers from advertising financial products or services.,금융상품판매업자등이 아닌 자 및 투자성 상 품에 관한 금융상품판매대리ㆍ중개업자 등 대통령령으로 정하는 금융상품판매업자등은 금융 상품판매업자등의 업무에 관한 광고 또는 금융상품에 관한 광고(이하 “금융상품등에 관한 광 고”라 한다)를 해서는 아니 된다.,general|investment,advertising,prohibited_action,must_not_do,direct_checkable,consumer_facing,high,This establishes the core prohibition on advertising for non-sales operators and specific investment agents/brokers.
high,high_priority_article|split_parent|not_direct_checkable,law_fincpa_main_2026-01-02:제22조:①,law_fincpa_main_2026-01-02:제22조:①:ob02,제22조,①,금융상품등에 관한 광고 관련 준수사항,advertising_compliance,split_unit,law_fincpa_main_2026-01-02:제22조:①:02,Permit specified financial associations and holding companies to conduct financial advertising as exceptions.,"다만, 다음 각 호의 어느 하나에 해당하는 기관(이하 “협회등 ”이라 한다), 그 밖에 금융상품판매업자등이 아닌 자로서 금융상품판매업자등을 자회사 또는 손자회사로 하는 금융지주회사 등 대통령령으로 정하는 자는 금융상품등에 관한 광고를 할 수 있다.",general,advertising,general_principle,delegated_detail,needs_subrule_design,consumer_facing,high,"This defines the legal exceptions to the advertising prohibition, listing specific financial associations and holding companies."
high,high_priority_article|split_parent|core_obligation_mode,law_fincpa_main_2026-01-02:제22조:③,law_fincpa_main_2026-01-02:제22조:③:ob01,제22조,③,금융상품등에 관한 광고 관련 준수사항,advertising_compliance,split_unit,law_fincpa_main_2026-01-02:제22조:③:일반_광고_필수사항,"금융상품 광고 시 계약 체결 전 설명서 및 약관 권유 문구와 판매업자 명칭, 상품 내용을 반드시 포함해야 함 (투자성 상품 광고 제외)","금융상품판매업자등이 하는 금융상품등에 관한 광고에는 다음 각 호의 내용이 포함되어 야 한다. 다만, 제17조제5항 본문에 따른 투자성 상품에 관한 광고에 대해서는 그러하지 아 니하다. 1. 금융상품에 관한 계약을 체결하기 전에 금융상품 설명서 및 약관을 읽어 볼 것을 권유하 는 내용 2. 금융상품판매업자등의 명칭, 금융상품의 내용",multiple,advertising,required_content,must_disclose,direct_checkable,consumer_facing,high,"This represents the baseline mandatory content for general financial product advertisements, excluding specific investment product advertisements governed by Article 17(5)."
high,high_priority_article|split_parent|core_obligation_mode,law_fincpa_main_2026-01-02:제22조:③,law_fincpa_main_2026-01-02:제22조:③:ob02,제22조,③,금융상품등에 관한 광고 관련 준수사항,advertising_compliance,split_unit,law_fincpa_main_2026-01-02:제22조:③:보장성_상품_광고_필수사항,"보장성 상품 광고 시 기존 계약 해지 후 신규 계약 체결에 따른 불이익(거부, 보험료 인상, 보장내용 변경 등) 가능성을 포함해야 함",가. 보장성 상품의 경우: 기존에 체결했던 계약을 해지하고 다른 계약을 체결하는 경우에는 계약체결의 거부 또는 보험료 등 금융소비자의 지급비용(이하 이 조에서 “보험료등”이라 한다)이 인상되거나 보장내용이 변경될 수 있다는 사항,insurance,advertising,required_content,must_disclose,direct_checkable,consumer_facing,high,Applies specifically to insurance/protection-type products to prevent disadvantageous churn.
high,high_priority_article|split_parent|core_obligation_mode,law_fincpa_main_2026-01-02:제22조:③,law_fincpa_main_2026-01-02:제22조:③:ob03,제22조,③,금융상품등에 관한 광고 관련 준수사항,advertising_compliance,split_unit,law_fincpa_main_2026-01-02:제22조:③:투자성_상품_광고_필수사항,투자성 상품 광고 시 투자에 따른 위험 및 과거 실적이 미래 수익을 보장하지 않는다는 사실을 포함해야 함,나. 투자성 상품의 경우 1) 투자에 따른 위험 2) 과거 운용실적을 포함하여 광고를 하는 경우에는 그 운용실적이 미래의 수익률을 보장 하는 것이 아니라는 사항,investment,advertising,required_content,must_disclose,direct_checkable,consumer_facing,high,"Applies specifically to investment products, including conditional disclosure when past performance is advertised."
high,high_priority_article|split_parent|not_direct_checkable|core_obligation_mode,law_fincpa_main_2026-01-02:제22조:③,law_fincpa_main_2026-01-02:제22조:③:ob04,제22조,③,금융상품등에 관한 광고 관련 준수사항,advertising_compliance,split_unit,law_fincpa_main_2026-01-02:제22조:③:예금성_상품_광고_필수사항,예금성 상품 광고 시 만기지급금 등을 예시하는 경우 해당 예시가 미래 수익을 보장하지 않는다는 사실을 포함해야 함 (대통령령으로 정하는 변동금리 상품에 한함),다. 예금성 상품의 경우: 만기지급금 등을 예시하여 광고하는 경우에는 해당 예시된 지급금 등이 미래의 수익을 보장하는 것이 아니라는 사항(만기 시 지급금이 변동하는 예금성 상 품으로서 대통령령으로 정하는 금융상품의 경우에 한정한다),deposit,advertising,required_content,must_disclose,needs_subrule_design,consumer_facing,high,Applies to deposit-type products under specific conditions (when illustrating maturity payouts for variable rate products defined by Presidential Decree).
high,high_priority_article|split_parent|core_obligation_mode,law_fincpa_main_2026-01-02:제22조:③,law_fincpa_main_2026-01-02:제22조:③:ob05,제22조,③,금융상품등에 관한 광고 관련 준수사항,advertising_compliance,split_unit,law_fincpa_main_2026-01-02:제22조:③:대출성_상품_광고_필수사항,대출성 상품 광고 시 대출조건을 반드시 포함해야 함,라. 대출성 상품의 경우: 대출조건,loan,advertising,required_content,must_disclose,direct_checkable,consumer_facing,high,Applies specifically to loan products.
high,high_priority_article|split_parent|not_direct_checkable|core_obligation_mode,law_fincpa_main_2026-01-02:제22조:④,law_fincpa_main_2026-01-02:제22조:④:ob01,제22조,④,금융상품등에 관한 광고 관련 준수사항,advertising_compliance,split_unit,law_fincpa_main_2026-01-02:제22조:④:1,"보장성 상품 광고 시 보장 제한, 고액 보장 강조, 보험료 오인 유도, 자동갱신 인상 미고지 등 소비자가 오인할 수 있는 행위를 금지한다.","1. 보장성 상품 가. 보장한도, 보장 제한 조건, 면책사항 또는 감액지급 사항 등을 빠뜨리거나 충분히 고지하지 아니하여 제한 없이 보장을 받을 수 있는 것으로 오인하게 하는 행위 나. 보험금이 큰 특정 내용만을 강조하거나 고액 보장 사례 등을 소개하여 보장내용이 큰 것으로 오인하게 하는 행위 다. 보험료를 일(日) 단위로 표시하거나 보험료의 산출기준을 불충분하게 설명하는 등 보험료등이 저렴한 것으로 오인하게 하는 행위 라. 만기 시 자동갱신되는 보장성 상품의 경우 갱신 시 보험료등이 인상될 수 있음을 금융소비자가 인지할 수 있도록 충분히 고지하지 아니하는 행위 마. 금리 및 투자실적에 따라 만기환급금이 변동될 수 있는 보장성 상품의 경우 만기환급금이 보장성 상품의 만기일에 확정적으로 지급되는 것으로 오인하게 하는 행위 등 금융소비자 보호를 위하여 대통령령으로 정하는 행위",insurance,advertising,prohibited_action,must_not_do,needs_subrule_design,consumer_facing,high,보장성 상품(보험 등) 광고 제작 시 필수 고지사항 누락 및 오인 유도 행위를 금지하는 세부 기준 수립 필요.
high,high_priority_article|split_parent|not_direct_checkable|core_obligation_mode,law_fincpa_main_2026-01-02:제22조:④,law_fincpa_main_2026-01-02:제22조:④:ob02,제22조,④,금융상품등에 관한 광고 관련 준수사항,advertising_compliance,split_unit,law_fincpa_main_2026-01-02:제22조:④:2,"투자성 상품 광고 시 손실보전·이익보장 오인 유도, 허용되지 않은 사항 사용, 특정 유리한 기간의 수익률만 표시하는 행위를 금지한다.",2. 투자성 상품 가. 손실보전(損失補塡) 또는 이익보장이 되는 것으로 오인하게 하는 행위... 나. 대통령령으로 정하는 투자성 상품에 대하여 해당 투자성 상품의 특성을 고려하여 대통령령으로 정하는 사항 외의 사항을 광고에 사용하는 행위 다. 수익률이나 운용실적을 표시하는 경우 수익률이나 운용실적이 좋은 기간의 수익률이나 운용실적만을 표시하는 행위 등 금융소비자 보호를 위하여 대통령령으로 정하는 행위,investment,advertising,prohibited_action,must_not_do,needs_subrule_design,consumer_facing,high,투자성 상품 광고 시 원금보장 오인 방지 및 수익률 왜곡 표시 금지 통제 장치 마련 필요.
high,high_priority_article|split_parent|not_direct_checkable|core_obligation_mode,law_fincpa_main_2026-01-02:제22조:④,law_fincpa_main_2026-01-02:제22조:④:ob03,제22조,④,금융상품등에 관한 광고 관련 준수사항,advertising_compliance,split_unit,law_fincpa_main_2026-01-02:제22조:④:3,예금성 상품 광고 시 이자율 범위·산정방법 등을 불명확하게 표시하여 오인을 유도하거나 유리한 기간의 수익률만 표시하는 행위를 금지한다.,"3. 예금성 상품 가. 이자율의 범위ㆍ산정방법, 이자의 지급ㆍ부과 시기 및 부수적 혜택ㆍ비용을 명확히 표시하지 아니하여 금융소비자가 오인하게 하는 행위 나. 수익률이나 운용실적을 표시하는 경우 수익률이나 운용실적이 좋은 기간의 것만을 표시하는 행위 등 금융소비자 보호를 위하여 대통령령으로 정하는 행위",deposit,advertising,prohibited_action,must_not_do,needs_subrule_design,consumer_facing,high,예금성 상품 광고 시 이자율 산정방식 명확화 및 수익률 왜곡 표시 금지 기준 적용 필요.
high,high_priority_article|split_parent|not_direct_checkable|core_obligation_mode,law_fincpa_main_2026-01-02:제22조:④,law_fincpa_main_2026-01-02:제22조:④:ob04,제22조,④,금융상품등에 관한 광고 관련 준수사항,advertising_compliance,split_unit,law_fincpa_main_2026-01-02:제22조:④:4,대출성 상품 광고 시 대출이자율 범위·산정방법 등을 불명확하게 표시하거나 일 단위 표시로 저렴한 것으로 오인하게 하는 행위를 금지한다.,"4. 대출성 상품 가. 대출이자율의 범위ㆍ산정방법, 대출이자의 지급ㆍ부과 시기 및 부수적 혜택ㆍ비용을 명확히 표시하지 아니하여 금융소비자가 오인하게 하는 행위 나. 대출이자를 일 단위로 표시하여 대출이자가 저렴한 것으로 오인하게 하는 행위 등 금융소비자 보호를 위하여 대통령령으로 정하는 행위",loan,advertising,prohibited_action,must_not_do,needs_subrule_design,consumer_facing,high,대출성 상품 광고 시 일일 이자율 강조 금지 및 이자율 산정방식 명확화 통제 필요.
high,high_priority_article|not_direct_checkable|core_obligation_mode,law_fincpa_main_2026-01-02:제22조:⑥,law_fincpa_main_2026-01-02:제22조:⑥:ob01,제22조,⑥,금융상품등에 관한 광고 관련 준수사항,advertising_compliance,single_unit,law_fincpa_main_2026-01-02:제22조:⑥:01,협회등은 금융상품판매업자등의 광고가 기준을 준수하는지 확인하고 그 결과를 해당 금융상품판매업자등에게 통보할 수 있음,협회등은 금융상품판매업자등의 금융상품등에 관한 광고와 관련하여 대통령령으로 정하는 바에 따라 제1항부터 제4항까지의 광고 관련 기준을 준수하는지를 확인하고 그 결과에 대한 의견을 해당 금융상품판매업자등에게 통보할 수 있다.,general,advertising,workflow_control,delegated_detail,needs_subrule_design,internal_only,high,"이 조항은 협회등의 광고 심의 및 결과 통보 권한을 규정하고 있으며, 구체적인 절차는 대통령령에 위임되어 있습니다."
high,high_priority_article|not_direct_checkable|core_obligation_mode,law_fincpa_main_2026-01-02:제22조:⑦,law_fincpa_main_2026-01-02:제22조:⑦:ob01,제22조,⑦,금융상품등에 관한 광고 관련 준수사항,advertising_compliance,single_unit,law_fincpa_main_2026-01-02:제22조:⑦:01,"Observe the specific details, methods, and procedures of advertising compliance as prescribed by the Presidential Decree.",제2항부터 제4항까지의 규정과 관련된 구체적인 내용 및 광고의 방법과 절차는 대통령령 으로 정한다.,general,advertising,workflow_control,delegated_detail,delegated_to_decree,internal_only,high,This is a delegation clause pointing to the Presidential Decree for specific advertising methods and procedures.
high,high_priority_article|split_parent|not_direct_checkable,law_fincpa_main_2026-01-02:제23조:①,law_fincpa_main_2026-01-02:제23조:①:ob01,제23조,①,계약서류의 제공의무,other,split_unit,law_fincpa_main_2026-01-02:제23조:①:01,Provide contract documents to financial consumers without delay upon entering into a contract.,금융상품직접판매업자 및 금융상품자문업자는 금융소비자와 금융상품 또는 금융상품자문에 관한 계약을 체결하는 경우 금융상품의 유형별로 대통령령으 로 정하는 계약서류를 금융소비자에게 지체 없이 제공하여야 한다.,general,contracting,required_action,must_do,needs_subrule_design,consumer_facing,high,Requires system integration to automatically generate and deliver the specified contract documents immediately upon contract finalization.
high,high_priority_article|split_parent|not_direct_checkable|core_obligation_mode,law_fincpa_main_2026-01-02:제23조:①,law_fincpa_main_2026-01-02:제23조:①:ob02,제23조,①,계약서류의 제공의무,other,split_unit,law_fincpa_main_2026-01-02:제23조:①:02,Exempt from providing contract documents if the contract content does not harm consumer protection as specified by Presidential Decree.,"다만, 계약내용 등이 금융 소비자 보호를 해칠 우려가 없는 경우로서 대통령령으로 정하는 경우에는 계약서류를 제공하 지 아니할 수 있다.",general,contracting,workflow_control,delegated_detail,delegated_to_decree,internal_only,high,This is a conditional exemption that must be mapped against the specific criteria set forth in the Presidential Decree.
high,high_priority_article|not_direct_checkable|core_obligation_mode,law_fincpa_main_2026-01-02:제23조:③,law_fincpa_main_2026-01-02:제23조:③:ob01,제23조,③,계약서류의 제공의무,other,single_unit,law_fincpa_main_2026-01-02:제23조:③:01,Follow the methods and procedures prescribed by the Presidential Decree when providing contract documents to consumers.,제1항에 따른 계약서류 제공의 방법 및 절차는 대통령령으로 정한다.,general,contracting,workflow_control,delegated_detail,delegated_to_decree,both,high,This is a delegation clause pointing to the Presidential Decree for specific operational methods and procedures regarding contract document delivery.
high,split_parent|not_direct_checkable|core_obligation_mode,law_fincpa_main_2026-01-02:제25조:①,law_fincpa_main_2026-01-02:제25조:①:ob03,제25조,①,금융상품판매대리ㆍ중개업자의 금지행위,unfair_sales_practice,split_unit,law_fincpa_main_2026-01-02:제25조:①:3호,금융상품판매대리·중개업자는 소비자 보호 또는 건전한 거래질서를 해칠 우려가 있는 대통령령으로 정하는 행위를 해서는 아니 된다.,그 밖에 금융소비자 보호 또는 건전한 거래질서를 해칠 우려가 있는 행위로서 대통령령으로 정하는 행위,multiple,solicitation|contracting,prohibited_action,must_not_do,delegated_to_decree,both,high,This is a catch-all prohibition clause that delegates specific prohibited acts to the enforcement decree.
high,split_parent|not_direct_checkable|core_obligation_mode,law_fincpa_main_2026-01-02:제26조:①,law_fincpa_main_2026-01-02:제26조:①:ob05,제26조,①,금융상품판매대리ㆍ중개업자의 고지의무 등,explanation_duty,split_unit,law_fincpa_main_2026-01-02:제26조:①:5,Disclose other matters prescribed by Presidential Decree for consumer protection or sound market order.,그 밖에 금융소비자 보호 또는 건전한 거래질서를 위하여 대통령령으로 정하는 사항,general,solicitation|contracting,required_content,delegated_detail,delegated_to_decree,consumer_facing,high,Delegated to the Enforcement Decree for detailed disclosure items.
high,split_parent|not_direct_checkable|core_obligation_mode,law_fincpa_main_2026-01-02:제27조:③,law_fincpa_main_2026-01-02:제27조:③:ob01,제27조,③,금융상품자문업자의 영업행위준칙 등,explanation_duty,split_unit,law_fincpa_main_2026-01-02:제27조:③:1,"Disclose key advisory information (independence status, financial benefits, affiliated distributors, scope, and procedures) to consumers during the advisory process.",금융상품자문업자는 자문업무를 수행하는 과정에서 다음 각 호의 사항을 금융소비자에게 알려야 하며,investment,advisory,required_content,must_disclose,needs_subrule_design,consumer_facing,high,"The disclosure items include independence status, financial benefits from distributors, affiliated distributors, scope of products, and advisory procedures."
high,split_parent|not_direct_checkable|core_obligation_mode,law_fincpa_main_2026-01-02:제27조:⑤,law_fincpa_main_2026-01-02:제27조:⑤:ob02,제27조,⑤,금융상품자문업자의 영업행위준칙 등,unfair_sales_practice,split_unit,law_fincpa_main_2026-01-02:제27조:⑤:2,독립금융상품자문업자는 금융소비자와의 이해상충이 발생할 수 있는 행위로서 대통령령으로 정하는 행위를 하여서는 아니 된다.,독립금융상품자문업자는 다음 각 호의 어느 하나에 해당하는 행위를 해서는 아니 된다. 2. 그 밖에 금융소비자와의 이해상충이 발생할 수 있는 행위로서 대통령령으로 정하는 행위,general,advisory,prohibited_action,must_not_do,delegated_to_decree,internal_only,high,Requires checking the Enforcement Decree for specific prohibited conflict-of-interest activities.
high,high_priority_article|split_parent|not_direct_checkable,law_fincpa_main_2026-01-02:제28조:①,law_fincpa_main_2026-01-02:제28조:①:ob01,제28조,①,자료의 기록 및 유지ㆍ관리 등,other,split_unit,law_fincpa_main_2026-01-02:제28조:①:01,Record business-related materials as prescribed by Presidential Decree,금융상품판매업자등은 금융상품판매업등의 업무와 관련한 자료로서 대통령령으로 정하는 자료를 기록하여야 하며,general,internal_control,recordkeeping,must_keep_record,delegated_to_decree,internal_only,high,Requires the creation and recording of specific business documents as defined in the Presidential Decree.
high,high_priority_article|split_parent|not_direct_checkable,law_fincpa_main_2026-01-02:제28조:①,law_fincpa_main_2026-01-02:제28조:①:ob02,제28조,①,자료의 기록 및 유지ㆍ관리 등,other,split_unit,law_fincpa_main_2026-01-02:제28조:①:02,Maintain and manage recorded materials for the retention periods prescribed by Presidential Decree,자료의 종류별로 대통령령으로 정하는 기간 동안 유지ㆍ관리하여야 한다.,general,internal_control,recordkeeping,must_keep_record,delegated_to_decree,internal_only,high,Requires maintaining and managing the recorded materials for the specific retention periods defined by the Presidential Decree.
high,high_priority_article|not_direct_checkable|core_obligation_mode,law_fincpa_main_2026-01-02:제28조:②,law_fincpa_main_2026-01-02:제28조:②:ob01,제28조,②,자료의 기록 및 유지ㆍ관리 등,other,single_unit,law_fincpa_main_2026-01-02:제28조:②:01,"금융상품판매업자등은 기록 및 유지·관리하는 자료의 멸실, 위조, 변조 방지를 위한 적절한 대책을 수립 및 시행하여야 한다.",기록 및 유지ㆍ관리하여야 하는 자료가 멸실 또는 위조되거나 변조되지 아니하도록 적절한 대책을 수립ㆍ시행하여야 한다,general,internal_control,workflow_control,must_have_control,needs_subrule_design,internal_only,high,This requires financial sales agents to establish internal security and integrity controls for stored records.
high,high_priority_article|not_direct_checkable|core_obligation_mode,law_fincpa_main_2026-01-02:제28조:③,law_fincpa_main_2026-01-02:제28조:③:ob01,제28조,③,자료의 기록 및 유지ㆍ관리 등,other,single_unit,law_fincpa_main_2026-01-02:제28조:③:01,"Allow financial consumers to access, copy, or listen to recorded and maintained data upon request for dispute resolution or litigation purposes.",금융소비자는 제36조에 따른 분쟁조정 또는 소송의 수행 등 권리구제를 위한 목적으로 제1항에 따라 금융상품판매업자등이 기록 및 유지ㆍ관리하는 자료의 열람(사본의 제공 또는 청취를 포함한다. 이하 이 조에서 같다)을 요구할 수 있다.,general,all_customer_facing,workflow_control,must_do,needs_subrule_design,consumer_facing,high,"This establishes the consumer's right to request access, which creates a corresponding obligation for the financial sales agent to establish a workflow to receive and process these data access requests."
high,high_priority_article|split_parent|core_obligation_mode,law_fincpa_main_2026-01-02:제28조:④,law_fincpa_main_2026-01-02:제28조:④:ob01,제28조,④,자료의 기록 및 유지ㆍ관리 등,other,split_unit,law_fincpa_main_2026-01-02:제28조:④:01,Allow financial consumers to inspect requested records within 10 days or the period prescribed by Presidential Decree.,금융상품판매업자등은 제3항에 따른 열람을 요구받았을 때에는 해당 자료의 유형에 따라 요구받은 날부터 10일 이내의 범위에서 대통령령으로 정하는 기간 내에 금융소비자가 해당 자료를 열람할 수 있도록 하여야 한다.,general,all_customer_facing,workflow_control,must_do,direct_checkable,consumer_facing,high,Establishes the primary timeline for consumer data access requests.
high,high_priority_article|split_parent|not_direct_checkable|core_obligation_mode,law_fincpa_main_2026-01-02:제28조:④,law_fincpa_main_2026-01-02:제28조:④:ob02,제28조,④,자료의 기록 및 유지ㆍ관리 등,other,split_unit,law_fincpa_main_2026-01-02:제28조:④:02,"If inspection cannot be provided within the period due to justifiable reasons, notify the consumer to postpone, and allow inspection without delay once the reason ceases to exist.","이 경우 해당 기간 내에 열람할 수 없는 정당한 사유 가 있을 때에는 금융소비자에게 그 사유를 알리고 열람을 연기할 수 있으며, 그 사유가 소멸 하면 지체 없이 열람하게 하여야 한다.",general,all_customer_facing,workflow_control,must_do,needs_subrule_design,consumer_facing,high,"Governs the exception handling workflow for delayed data access, requiring notification and immediate post-delay resolution."
high,high_priority_article|not_direct_checkable|core_obligation_mode,law_fincpa_main_2026-01-02:제28조:⑤,law_fincpa_main_2026-01-02:제28조:⑤:ob01,제28조,⑤,자료의 기록 및 유지ㆍ관리 등,other,single_unit,law_fincpa_main_2026-01-02:제28조:⑤,Notify the consumer of the reason when restricting or refusing a request to inspect recorded materials under statutory or safety exceptions.,금융상품판매업자등은 다음 각 호의 어느 하나에 해당하는 경우에는 금융소비자에게 그 사유를 알리고 열람을 제한하거나 거절할 수 있다.,general,all_customer_facing,workflow_control,must_do,needs_subrule_design,consumer_facing,high,"While this grants a right to restrict/refuse, it imposes a mandatory operational duty to notify the consumer of the specific reason ('그 사유를 알리고') when exercising this restriction."
medium,split_parent|not_direct_checkable,law_fincpa_main_2026-01-02:제13조,law_fincpa_main_2026-01-02:제13조:ob01,제13조,,영업행위 준수사항 해석의 기준,general_principle,split_unit,law_fincpa_main_2026-01-02:제13조_1,Prioritize financial consumer rights when interpreting and applying sales conduct rules.,이 장의 영업행위 준수사항에 관한 규정을 해석ㆍ적용하려는 경우 금융소비자의 권익을 우선적으로 고려하여야 하며,general,all_customer_facing,general_principle,must_do,needs_subrule_design,both,high,This is a high-level interpretive principle that must guide internal compliance policies and legal interpretations.
medium,split_parent|not_direct_checkable,law_fincpa_main_2026-01-02:제13조,law_fincpa_main_2026-01-02:제13조:ob02,제13조,,영업행위 준수사항 해석의 기준,general_principle,split_unit,law_fincpa_main_2026-01-02:제13조_2,Ensure equitable interpretation and application of sales conduct rules based on product types and business sectors.,금융상품 또는 계약 관계의 특성 등에 따라 금융상품 유형별 또는 금융상품판매업자등의 업종별로 형평에 맞게 해석ㆍ적용되도록 하여야 한다.,general,all_customer_facing,general_principle,must_do,needs_subrule_design,both,high,Requires proportional and equitable application tailored to specific financial product types and business sectors.
medium,split_parent|not_direct_checkable,law_fincpa_main_2026-01-02:제14조:②,law_fincpa_main_2026-01-02:제14조:②:ob01,제14조,②,신의성실의무 등,general_principle,split_unit,law_fincpa_main_2026-01-02:제14조:②:01,Ensure fairness in the content and procedures of business operations when conducting financial product sales.,금융상품판매업자등은 금융상품판매업등을 영위할 때 업무의 내용과 절차를 공정히 하여 야 하며,general,all_customer_facing,general_principle,must_do,needs_subrule_design,both,high,This establishes a broad duty of fairness in business processes that requires internal policy design to implement.
medium,not_direct_checkable|core_obligation_mode,law_fincpa_main_2026-01-02:제15조,law_fincpa_main_2026-01-02:제15조:ob01,제15조,,차별금지,general_principle,single_unit,law_fincpa_main_2026-01-02:제15조,"금융상품 또는 금융상품자문 계약 체결 시 성별, 학력, 장애, 사회적 신분 등을 이유로 계약조건에 관하여 금융소비자를 부당하게 차별하는 행위 금지",금융상품판매업자등은 금융상품 또는 금융상품자문에 관한 계약을 체결하는 경우 정당한 사유 없이 성별ㆍ학력ㆍ장애ㆍ사회적 신분 등을 이유로 계약조건에 관하여 금융 소비자를 부당하게 차별해서는 아니 된다.,general,contracting,prohibited_action,must_not_do,needs_subrule_design,consumer_facing,high,계약 체결 과정에서 부당한 차별이 발생하지 않도록 내부 심사 기준 및 가이드라인에 차별 금지 요소를 반영해야 합니다.
medium,not_direct_checkable|core_obligation_mode,law_fincpa_main_2026-01-02:제16조:②,law_fincpa_main_2026-01-02:제16조:②:ob01,제16조,②,금융상품판매업자등의 관리책임,internal_control,single_unit,law_fincpa_main_2026-01-02:제16조:②:01,"Establish internal control standards and procedures for executives, employees, and sales agents/brokers to comply with during their duties.",법인인 금융상품판매업자등으로서 대통령령으로 정하는 자는 제1항에 따른 관리업무를 이행하기 위하여 그 임직원 및 금융상품판매대리ㆍ중개업자가 직무를 수행할 때 준수하여야 할 기준 및 절차(이하 “내부통제기준”이라 한다)를 대통령령으로 정하는 바에 따라 마련하여 야 한다.,general,internal_control,workflow_control,must_have_control,needs_subrule_design,internal_only,high,This mandates the establishment of internal control standards (내부통제기준) for specified corporate financial sales agents/brokers.
medium,high_priority_article|core_obligation_mode,law_fincpa_main_2026-01-02:제17조:①,law_fincpa_main_2026-01-02:제17조:①:ob01,제17조,①,적합성원칙,consumer_fit_assessment,single_unit,law_fincpa_main_2026-01-02:제17조:①:01,Verify whether the financial consumer is a general or professional consumer when entering into a contract or providing advisory services.,금융상품계약체결등을 하거나 자문업무를 하는 경우에는 상대방인 금융소비자가 일반금융소비자인지 전문금융소비자인지를 확인하여야 한다,general,contracting|advisory,workflow_control,must_do,direct_checkable,both,high,This is a foundational verification step required before proceeding with suitability assessments or contract execution.
medium,high_priority_article|split_parent,law_fincpa_main_2026-01-02:제17조:②,law_fincpa_main_2026-01-02:제17조:②:ob02,제17조,②,적합성원칙,consumer_fit_assessment,split_unit,law_fincpa_main_2026-01-02:제17조:②:2,"파악한 소비자 정보에 대해 서명, 기명날인, 녹취 등의 방법으로 확인을 받아 이를 유지·관리해야 한다.","일반금융소비자로부터 서명(「전자서명법」 제2조제2호에 따른 전자서명을 포함한다. 이하 같다), 기명날인, 녹취 또는 그 밖에 대통령령으로 정하는 방법으로 확인을 받아 이를 유지ㆍ관리하여야 하며",multiple,solicitation|advisory,recordkeeping,must_keep_record,direct_checkable,both,high,This covers the confirmation and recordkeeping requirement for the assessed consumer profile.
medium,high_priority_article|split_parent,law_fincpa_main_2026-01-02:제17조:②,law_fincpa_main_2026-01-02:제17조:②:ob03,제17조,②,적합성원칙,consumer_fit_assessment,split_unit,law_fincpa_main_2026-01-02:제17조:②:3,확인받은 소비자 정보 내용을 일반금융소비자에게 지체 없이 제공해야 한다.,확인받은 내용을 일반금융소비자에게 지체 없이 제공하여야 한다.,multiple,solicitation|advisory,required_action,must_do,direct_checkable,consumer_facing,high,This covers the immediate delivery of the confirmed suitability profile to the consumer.
medium,high_priority_article|not_direct_checkable,law_fincpa_main_2026-01-02:제17조:⑥,law_fincpa_main_2026-01-02:제17조:⑥:ob01,제17조,⑥,적합성원칙,consumer_fit_assessment,single_unit,law_fincpa_main_2026-01-02:제17조:⑥:01,금융상품판매업자등은 대통령령으로 정하는 자에게 적합성원칙 적용을 별도로 요청할 수 있음을 미리 알려야 한다.,제5항에 따른 금융상품판매업자등은 같은 항 단서에 따라 대통령령으로 정하는 자에게 제1항부터 제3항까지의 규정의 적용을 별도로 요청할 수 있음을 대통령령으로 정하는 바에 따라 미리 알려야 한다.,general,solicitation|contracting,required_action,must_do,needs_subrule_design,consumer_facing,high,대통령령으로 정하는 구체적인 대상자 및 사전 고지 방식에 대한 하위 규정 확인이 필요합니다.
medium,high_priority_article|split_parent,law_fincpa_main_2026-01-02:제18조:②,law_fincpa_main_2026-01-02:제18조:②:ob02,제18조,②,적정성원칙,consumer_fit_assessment,split_unit,law_fincpa_main_2026-01-02:제18조:②:02,"Obtain confirmation from the general financial consumer via signature, seal, audio recording, or other prescribed methods after notifying them of unsuitability.","그 일반금융소비자로부터 서명, 기명날인, 녹취, 그 밖에 대통령령 으로 정하는 방법으로 확인을 받아야 한다",multiple,solicitation|contracting,recordkeeping,must_keep_record,direct_checkable,consumer_facing,high,"Requires capturing and storing verifiable consumer consent/acknowledgment (signature, recording, etc.) in the system."
medium,high_priority_article|not_direct_checkable,law_fincpa_main_2026-01-02:제18조:⑤,law_fincpa_main_2026-01-02:제18조:⑤:ob01,제18조,⑤,적정성원칙,consumer_fit_assessment,single_unit,law_fincpa_main_2026-01-02:제18조:⑤:01,Notify eligible consumers in advance that they can request the application of suitability and adequacy principles.,금융상품판매업자는 같은 항 단서에 따라 대통령령으로 정하는 자에게 제 1항과 제2항의 적용을 별도로 요청할 수 있음을 대통령령으로 정하는 바에 따라 미리 알려야 한다.,general,solicitation|contracting,required_action,must_do,needs_subrule_design,consumer_facing,high,"The notification must be delivered in advance to the specific consumers defined by the Presidential Decree, outlining their right to request the application of Paragraphs 1 and 2."
medium,high_priority_article|split_parent,law_fincpa_main_2026-01-02:제19조:②,law_fincpa_main_2026-01-02:제19조:②:ob01,제19조,②,설명의무,explanation_duty,split_unit,law_fincpa_main_2026-01-02:제19조:②:01,"Provide product explanation documents to general financial consumers, except where exempted by Presidential Decree.","금융상품판매업자등은 제1항에 따른 설명에 필요한 설명서를 일반금융소비자에게 제공 하여야 하며, ... 다만, 금융소비자 보호 및 건전한 거래질서를 해칠 우려가 없는 경우로서 대통령령으로 정하는 경우에는 설명서를 제공하지 아니할 수 있다.",general,solicitation|contracting,required_action,must_do,direct_checkable,consumer_facing,high,This establishes the core operational requirement to deliver physical or digital explanation documents to the consumer during solicitation or contracting.
medium,high_priority_article|not_direct_checkable,law_fincpa_main_2026-01-02:제20조:②,law_fincpa_main_2026-01-02:제20조:②:ob01,제20조,②,불공정영업행위의 금지,unfair_sales_practice,single_unit,law_fincpa_main_2026-01-02:제20조:②:01,Refer to the Presidential Decree for the specific types and standards of prohibited unfair sales practices.,불공정영업행위에 관하여 구체적인 유형 또는 기준은 대통령령으로 정한다.,general,all_customer_facing,general_principle,delegated_detail,delegated_to_decree,internal_only,high,This is a delegation clause pointing to the Presidential Decree for detailed operational standards on unfair sales practices.
medium,split_parent|core_obligation_mode,law_fincpa_main_2026-01-02:제21조의2:①,law_fincpa_main_2026-01-02:제21조의2:①:ob01,제21조의2,①,방문판매 및 전화권유판매 관련 준수사항,improper_solicitation,split_unit,law_fincpa_main_2026-01-02:제21조의2:①:1,"Inform general consumers of their right to request prohibition of solicitation contacts (do-not-call right) via written, electronic, or oral means.",일반금융소비자가 금융상품판매업자등에 대하여 금융상품을 소개하거나 계약 체결을 권유할 목적으로 본인에게 연락하는 것을 금지하도록 요구할 수 있다는 사항,general,solicitation|visit_sales|phone_sales,required_content,must_disclose,direct_checkable,consumer_facing,high,Requires disclosure of the consumer's right to opt-out of solicitation contacts.
medium,not_direct_checkable|core_obligation_mode,law_fincpa_main_2026-01-02:제21조의2:④,law_fincpa_main_2026-01-02:제21조의2:④:ob01,제21조의2,④,방문판매 및 전화권유판매 관련 준수사항,internal_control,single_unit,law_fincpa_main_2026-01-02:제21조의2:④:01,금융상품판매업자등은 방문판매 및 전화권유판매 관련 의무를 이행하기 위한 시스템을 구축·운영하여야 한다.,금융상품판매업자등은 대통령령으로 정하는 바에 따라 제2항에 따른 의무를 이행하기 위한 시스템을 갖추어야 한다.,general,visit_sales|phone_sales|internal_control,workflow_control,must_have_control,needs_subrule_design,internal_only,high,"This requires establishing an internal control system to support compliance with visit and phone sales obligations, with specific details delegated to the Presidential Decree."
medium,not_direct_checkable|core_obligation_mode,law_fincpa_main_2026-01-02:제21조의2:⑥,law_fincpa_main_2026-01-02:제21조의2:⑥:ob01,제21조의2,⑥,방문판매 및 전화권유판매 관련 준수사항,improper_solicitation,single_unit,law_fincpa_main_2026-01-02:제21조의2:⑥:01,구체적인 내용 및 절차에 관한 세부사항은 대통령령에 따른다.,그 밖에 제1항부터 제4항까지와 관련된 구체적인 내용 및 절차에 관하여 필요한 세부사항은 대통령령으로 정한다.,general,visit_sales|phone_sales,workflow_control,delegated_detail,delegated_to_decree,internal_only,high,This is a delegation clause pointing to the Presidential Decree for detailed procedures on door-to-door and telemarketing sales.
medium,high_priority_article|not_direct_checkable,law_fincpa_main_2026-01-02:제22조:②,law_fincpa_main_2026-01-02:제22조:②:ob01,제22조,②,금융상품등에 관한 광고 관련 준수사항,advertising_compliance,single_unit,law_fincpa_main_2026-01-02:제22조:②:01,Ensure financial product advertisements are clear and fair to prevent consumer misunderstanding.,금융상품등에 관한 광고를 하는 경우에는 금융소비자가 금융상품의 내용을 오해하지 아니하도록 명확하고 공정하게 전달하여야 한다.,general,advertising,general_principle,must_do,needs_subrule_design,consumer_facing,high,This is a high-level principle that requires internal guidelines and review processes to define what constitutes 'clear and fair' advertising.
medium,high_priority_article|not_direct_checkable,law_fincpa_main_2026-01-02:제22조:⑤,law_fincpa_main_2026-01-02:제22조:⑤:ob01,제22조,⑤,금융상품등에 관한 광고 관련 준수사항,advertising_compliance,single_unit,law_fincpa_main_2026-01-02:제22조:⑤:01,금융상품 광고 시 표시·광고의 공정화에 관한 법률에 따른 표시·광고사항 준수,금융상품등에 관한 광고를 할 때 「표시ㆍ광고의 공정화에 관한 법률」 제4조제1항에 따른 표시ㆍ광고사항이 있는 경우에는 같은 법에서 정하는 바에 따른다.,general,advertising,required_action,must_do,needs_subrule_design,consumer_facing,high,This establishes a cross-reference obligation to the Fair Labeling and Advertising Act for financial product advertisements.
medium,high_priority_article|not_direct_checkable,law_fincpa_main_2026-01-02:제23조:②,law_fincpa_main_2026-01-02:제23조:②:ob01,제23조,②,계약서류의 제공의무,other,single_unit,law_fincpa_main_2026-01-02:제23조:②:01,"In the event of a dispute, the financial business operator must prove the fact and timing of contract document delivery or contract conclusion.",계약서류의 제공 사실 또는 계약체결 사실 및 그 시기에 관하여 금융소비자 와 다툼이 있는 경우에는 금융상품직접판매업자 및 금융상품자문업자가 이를 증명하여야 한다,general,contracting,recordkeeping,must_keep_record,needs_subrule_design,both,high,"To meet this burden of proof, financial institutions must design internal systems to securely log and retain delivery receipts and timestamps of contract execution."
medium,split_parent|core_obligation_mode,law_fincpa_main_2026-01-02:제25조:①,law_fincpa_main_2026-01-02:제25조:①:ob01,제25조,①,금융상품판매대리ㆍ중개업자의 금지행위,unfair_sales_practice,split_unit,law_fincpa_main_2026-01-02:제25조:①:1호,"금융상품판매대리·중개업자는 금융소비자로부터 투자금, 보험료 등 계약 이행으로서의 급부를 수령해서는 아니 된다. (단, 권한을 부여받은 대통령령으로 정하는 행위는 제외)","금융소비자로부터 투자금, 보험료 등 계약의 이행으로서 급부를 받는 행위. 다만, 금융상품직접판매업자로부터 급부 수령에 관한 권한을 부여받은 경우로서 대통령령으로 정하는 행위는 제외한다.",multiple,contracting,prohibited_action,must_not_do,direct_checkable,consumer_facing,high,This prohibits unauthorized collection of payments (such as investment funds or insurance premiums) from consumers.
medium,split_parent|core_obligation_mode,law_fincpa_main_2026-01-02:제25조:①,law_fincpa_main_2026-01-02:제25조:①:ob02,제25조,①,금융상품판매대리ㆍ중개업자의 금지행위,unfair_sales_practice,split_unit,law_fincpa_main_2026-01-02:제25조:①:2호,"금융상품판매대리·중개업자는 대리·중개 업무를 제3자에게 재위탁하거나 대가를 지급해서는 아니 된다. (단, 이해상충 및 소비자 피해 우려가 없는 대통령령으로 정하는 행위는 제외)","금융상품판매대리ㆍ중개업자가 대리ㆍ중개하는 업무를 제3자에게 하게 하거나 그러한 행위에 관하여 수수료ㆍ보수나 그 밖의 대가를 지급하는 행위. 다만, 금융상품직접판매업자의 이익과 상충되지 아니하고 금융소비자 보호를 해치지 아니하는 경우로서 대통령령으로 정하는 행위는 제외한다.",multiple,solicitation|contracting,prohibited_action,must_not_do,direct_checkable,internal_only,high,This prohibits unauthorized delegation/sub-contracting of agency or brokerage duties to third parties.
medium,not_direct_checkable|core_obligation_mode,law_fincpa_main_2026-01-02:제25조:③,law_fincpa_main_2026-01-02:제25조:③:ob01,제25조,③,금융상품판매대리ㆍ중개업자의 금지행위,unfair_sales_practice,single_unit,law_fincpa_main_2026-01-02:제25조:③:01,금융상품판매대리·중개업자의 수수료 범위 및 재산상 이익의 구체적 사항은 대통령령에 따른다.,"제2항의 수수료의 범위, 재산상 이익의 내용에 관한 구체적인 사항은 대통령령으로 정한다.",general,solicitation|contracting,required_content,delegated_detail,delegated_to_decree,internal_only,high,This is a delegation clause pointing to the Presidential Decree for the specific scope of prohibited fees and financial benefits.
medium,split_parent|core_obligation_mode,law_fincpa_main_2026-01-02:제26조:①,law_fincpa_main_2026-01-02:제26조:①:ob01,제26조,①,금융상품판매대리ㆍ중개업자의 고지의무 등,explanation_duty,split_unit,law_fincpa_main_2026-01-02:제26조:①:1,Disclose the name and business details of the direct financial product seller being represented or brokered.,금융상품판매대리ㆍ중개업자가 대리ㆍ중개하는 금융상품직접판매업자의 명칭 및 업무 내용,general,solicitation|contracting,required_content,must_disclose,direct_checkable,consumer_facing,high,Must be disclosed to the consumer in advance of performing agency or brokerage services.
medium,split_parent|core_obligation_mode,law_fincpa_main_2026-01-02:제26조:①,law_fincpa_main_2026-01-02:제26조:①:ob02,제26조,①,금융상품판매대리ㆍ중개업자의 고지의무 등,explanation_duty,split_unit,law_fincpa_main_2026-01-02:제26조:①:2,Disclose whether the agent or broker exclusively represents or brokers for a single direct financial product seller.,하나의 금융상품직접판매업자만을 대리하거나 중개하는 금융상품판매대리ㆍ중개업자인지 여부,general,solicitation|contracting,required_content,must_disclose,direct_checkable,consumer_facing,high,Must disclose exclusivity status to the consumer in advance.
medium,split_parent|core_obligation_mode,law_fincpa_main_2026-01-02:제26조:①,law_fincpa_main_2026-01-02:제26조:①:ob03,제26조,①,금융상품판매대리ㆍ중개업자의 고지의무 등,explanation_duty,split_unit,law_fincpa_main_2026-01-02:제26조:①:3,Disclose the lack of contract-concluding authority if such authority has not been granted by the direct seller.,금융상품직접판매업자로부터 금융상품 계약체결권을 부여받지 아니한 금융상품판매대리ㆍ중개업자의 경우 자신이 금융상품계약을 체결할 권한이 없다는 사실,general,solicitation|contracting,required_content,must_disclose,direct_checkable,consumer_facing,high,Crucial disclosure to prevent consumer confusion regarding contract execution authority.
medium,split_parent|core_obligation_mode,law_fincpa_main_2026-01-02:제26조:①,law_fincpa_main_2026-01-02:제26조:①:ob04,제26조,①,금융상품판매대리ㆍ중개업자의 고지의무 등,explanation_duty,split_unit,law_fincpa_main_2026-01-02:제26조:①:4,Disclose matters regarding liability for damages under Articles 44 and 45.,제44조와 제45조에 따른 손해배상책임에 관한 사항,general,solicitation|contracting,required_content,must_disclose,direct_checkable,consumer_facing,high,Requires explaining liability provisions to the consumer in advance.
medium,not_direct_checkable|core_obligation_mode,law_fincpa_main_2026-01-02:제26조:③,law_fincpa_main_2026-01-02:제26조:③:ob01,제26조,③,금융상품판매대리ㆍ중개업자의 고지의무 등,other,single_unit,law_fincpa_main_2026-01-02:제26조:③:01,금융상품판매대리·중개업자의 표지 게시 및 증표 제시에 관한 구체적인 사항은 대통령령이 정하는 바에 따른다.,제2항에 따른 표지 게시 및 증표 제시에 관한 구체적인 사항은 대통령령으로 정한다.,general,all_customer_facing,workflow_control,delegated_detail,delegated_to_decree,both,high,이 조항은 표지 게시 및 증표 제시에 관한 세부 사항을 대통령령으로 위임하는 규정입니다.
medium,split_parent|core_obligation_mode,law_fincpa_main_2026-01-02:제27조:⑤,law_fincpa_main_2026-01-02:제27조:⑤:ob01,제27조,⑤,금융상품자문업자의 영업행위준칙 등,unfair_sales_practice,split_unit,law_fincpa_main_2026-01-02:제27조:⑤:1,독립금융상품자문업자는 금융소비자의 자문 응답과 관련하여 금융상품판매업자로부터 재산상 이익을 받는 행위를 하여서는 아니 된다.,독립금융상품자문업자는 다음 각 호의 어느 하나에 해당하는 행위를 해서는 아니 된다. 1. 금융소비자의 자문에 대한 응답과 관련하여 금융상품판매업자(임직원을 포함한다)로부터 재산상 이익을 받는 행위.,general,advisory,prohibited_action,must_not_do,direct_checkable,internal_only,high,Excludes cases prescribed by Presidential Decree where compensation is received for responding to the product seller's own consultation.
low,not_direct_checkable,law_fincpa_main_2026-01-02:제14조:①,law_fincpa_main_2026-01-02:제14조:①:ob01,제14조,①,신의성실의무 등,general_principle,single_unit,law_fincpa_main_2026-01-02:제14조:①:01,"금융상품판매업자등은 계약 체결, 권리 행사 및 의무 이행 시 신의성실의 원칙을 준수하여야 한다.","금융상품판매업자등은 금융상품 또는 금융상품자문에 관한 계약의 체결, 권리의 행사 및 의무의 이행을 신의성실의 원칙에 따라 하여야 한다.",general,all_customer_facing,general_principle,must_do,needs_subrule_design,consumer_facing,high,"This is a foundational principle of good faith. While it is a general principle, it serves as the basis for internal conduct guidelines and customer-facing interactions."
low,not_direct_checkable,law_fincpa_main_2026-01-02:제16조:①,law_fincpa_main_2026-01-02:제16조:①:ob01,제16조,①,금융상품판매업자등의 관리책임,internal_control,single_unit,law_fincpa_main_2026-01-02:제16조:①:01,Supervise and manage employees and sales agents to ensure compliance with laws and prevent disruption of sound market order.,금융상품판매업자등은 임직원 및 금융상품판매대 리ㆍ중개업자가 업무를 수행할 때 법령을 준수하고 건전한 거래질서를 해치는 일이 없도록 성실히 관리하여야 한다.,general,internal_control,required_action,must_have_control,needs_subrule_design,internal_only,high,"Excludes insurance brokers under Article 2, Paragraph 11 of the Insurance Business Act as specified in the parent clause."
low,not_direct_checkable,law_fincpa_main_2026-01-02:제16조의2:①,law_fincpa_main_2026-01-02:제16조의2:①:ob01,제16조의2,①,방문판매 및 전화권유판매 임직원의 명부 작성 등,other,single_unit,law_fincpa_main_2026-01-02:제16조의2:①:01,Create and maintain a registry of employees engaged in door-to-door (visit) sales and telemarketing (phone sales) as prescribed by the Presidential Decree.,방문판매 및 전화권유판매를 하려는 임직원의 명부를 대통령령으로 정하는 바에 따라 작성하여야 한다.,general,visit_sales|phone_sales,recordkeeping,must_keep_record,delegated_to_decree,internal_only,high,"The obligation requires financial sales business operators to establish and maintain a registry of their door-to-door and telemarketing sales staff, with specific details delegated to the Presidential Decree."
low,not_direct_checkable,law_fincpa_main_2026-01-02:제16조의2:②,law_fincpa_main_2026-01-02:제16조의2:②:ob01,제16조의2,②,방문판매 및 전화권유판매 임직원의 명부 작성 등,other,single_unit,law_fincpa_main_2026-01-02:제16조의2:②:01,금융소비자 요청 시 방문판매 및 전화권유판매 임직원의 신원을 즉시 확인할 수 있도록 조치,금융소비자가 요청하면 언제든지 금융소비자로 하여금 방문판매 및 전화권유판매를 하려는 임직원의 신원을 확인할 수 있도록 하여야 한다.,general,visit_sales|phone_sales,required_action,must_do,needs_subrule_design,consumer_facing,high,"금융소비자의 신원 확인 요청에 즉각 대응할 수 있는 시스템이나 절차(예: 신원확인증 제시, 콜센터 확인 등)를 마련해야 하므로 하부 설계가 필요합니다."
low,split_parent,law_fincpa_main_2026-01-02:제16조의2:③,law_fincpa_main_2026-01-02:제16조의2:③:ob01,제16조의2,③,방문판매 및 전화권유판매 임직원의 명부 작성 등,improper_solicitation,split_unit,law_fincpa_main_2026-01-02:제16조의2:③:01,Disclose the purpose of the visit or phone call to the financial consumer in advance.,금융소비자에게 미리 해당 방문 또는 전화가 판매를 권유하기 위한 것이라는 점,general,visit_sales|phone_sales|solicitation,required_action,must_do,direct_checkable,consumer_facing,high,Requires sales representatives to clearly state that the purpose of the contact is solicitation before proceeding.
low,split_parent,law_fincpa_main_2026-01-02:제16조의2:③,law_fincpa_main_2026-01-02:제16조의2:③:ob02,제16조의2,③,방문판매 및 전화권유판매 임직원의 명부 작성 등,improper_solicitation,split_unit,law_fincpa_main_2026-01-02:제16조의2:③:02,Disclose the representative's name/identity and the type and details of the financial product being sold.,"방문판매 및 전화권유판매를 하려는 임직원의 성명 또는 명칭, 판매하는 금융상품의 종류 및 내용을 밝혀야 한다",general,visit_sales|phone_sales|solicitation,required_action,must_do,direct_checkable,consumer_facing,high,Requires disclosure of the representative's identity and the product's key characteristics prior to sales activities.
low,,law_fincpa_main_2026-01-02:제21조의2:②,law_fincpa_main_2026-01-02:제21조의2:②:ob01,제21조의2,②,방문판매 및 전화권유판매 관련 준수사항,improper_solicitation,single_unit,law_fincpa_main_2026-01-02:제21조의2:②:01,금융상품판매업자등은 일반금융소비자가 방문판매 또는 전화권유판매의 중단을 요구하는 경우 즉시 이에 응해야 한다.,금융상품판매업자등은 일반금융소비자가 제1항제1호의 요구를 하면 즉시 이에 따라야 한다.,general,visit_sales|phone_sales,required_action,must_do,direct_checkable,consumer_facing,high,"This mandates immediate compliance with a consumer's do-not-call or do-not-visit request under Paragraph 1, Item 1."
low,core_obligation_mode,law_fincpa_main_2026-01-02:제21조의2:③,law_fincpa_main_2026-01-02:제21조의2:③:ob01,제21조의2,③,방문판매 및 전화권유판매 관련 준수사항,improper_solicitation,single_unit,law_fincpa_main_2026-01-02:제21조의2:③:01,"Prohibit night-time visits or contacts (9 PM to 8 AM) for financial product introduction or solicitation, unless specifically requested by the consumer.","금융상품을 소개하거나 계약 체결을 권유할 목적으로 야간(오후 9시 이후부터 다음 날 오전 8시까지를 말한다)에 금융소비자를 방문하거나 연락하여서는 아니 된다. 다만, 금융소비자가 요청하는 경우에는 제외한다.",general,visit_sales|phone_sales|solicitation,prohibited_action,must_not_do,direct_checkable,consumer_facing,high,The prohibition applies strictly between 21:00 and 08:00 the next day. Systems must block automated or manual outreach during these hours unless a valid consumer consent/request record is active.
low,core_obligation_mode,law_fincpa_main_2026-01-02:제21조의2:⑤,law_fincpa_main_2026-01-02:제21조의2:⑤:ob01,제21조의2,⑤,방문판매 및 전화권유판매 관련 준수사항,other,single_unit,law_fincpa_main_2026-01-02:제21조의2:⑤:01,"Upon request by the Financial Services Commission, financial product distributors must submit or allow inspection of communication records to verify compliance with visit and phone sales regulations.",금융위원회는 제2항 또는 제3항의 위반 여부를 확인하기 위하여 금융상품판매업자등에 대하여 통신기록 등의 제출 또는 열람을 요청할 수 있다.,general,visit_sales|phone_sales,workflow_control,must_do,direct_checkable,internal_only,high,"Although phrased as an FSC authority, this creates an operational obligation for financial sales agents to maintain and be ready to submit or display communication records upon official request."
low,core_obligation_mode,law_fincpa_main_2026-01-02:제24조,law_fincpa_main_2026-01-02:제24조:ob01,제24조,,미등록자를 통한 금융상품판매 대리ㆍ중개 금지,unfair_sales_practice,single_unit,law_fincpa_main_2026-01-02:제24조,Prohibit outsourcing or allowing unregistered entities to act as agents or brokers for financial contracts.,금융상품판매업자는 금융상품판매대 리ㆍ중개업자가 아닌 자에게 금융상품계약체결등을 대리하거나 중개하게 해서는 아니 된다.,general,solicitation|contracting,prohibited_action,must_not_do,direct_checkable,internal_only,high,This is a strict prohibition on utilizing unregistered intermediaries for financial product sales and contracting activities.
low,core_obligation_mode,law_fincpa_main_2026-01-02:제25조:②,law_fincpa_main_2026-01-02:제25조:②:ob01,제25조,②,금융상품판매대리ㆍ중개업자의 금지행위,unfair_sales_practice,single_unit,law_fincpa_main_2026-01-02:제25조:②:01,금융상품판매대리·중개업자는 직접판매업자로부터 정해진 수수료 외의 금품이나 재산상 이익을 요구하거나 수취해서는 안 된다.,"금융상품판매대리ㆍ중개업자는 금융상품판매 대리ㆍ중개 업무를 수행할 때 금융상품직접판매업자로부터 정해진 수수료 외의 금품, 그 밖의 재산상 이익을 요구하거나 받아서는 아니 된다.",general,solicitation|contracting,prohibited_action,must_not_do,direct_checkable,internal_only,high,This is a direct prohibition on receiving or demanding unauthorized commissions or financial benefits from direct sellers.
low,split_parent,law_fincpa_main_2026-01-02:제26조:②,law_fincpa_main_2026-01-02:제26조:②:ob01,제26조,②,금융상품판매대리ㆍ중개업자의 고지의무 등,other,split_unit,law_fincpa_main_2026-01-02:제26조:②:01,금융상품판매대리·중개업자는 업무 수행 시 자신이 대리·중개업자임을 나타내는 표지를 게시하여야 한다.,자신이 금융 상품판매대리ㆍ중개업자라는 사실을 나타내는 표지를 게시하거나,general,all_customer_facing|solicitation|contracting,required_action,must_do,direct_checkable,consumer_facing,high,This covers the physical or digital posting of the agent/broker status sign at the place of business or on the digital platform.
low,split_parent,law_fincpa_main_2026-01-02:제26조:②,law_fincpa_main_2026-01-02:제26조:②:ob02,제26조,②,금융상품판매대리ㆍ중개업자의 고지의무 등,other,split_unit,law_fincpa_main_2026-01-02:제26조:②:02,금융상품판매대리·중개업자는 업무 수행 시 자신이 대리·중개업자임을 나타내는 증표를 금융소비자에게 제시하여야 한다.,증표를 금융소비자에게 보여 주어야 한다.,general,all_customer_facing|solicitation|contracting,required_action,must_do,direct_checkable,consumer_facing,high,This covers the face-to-face or interactive presentation of identification credentials to the consumer during solicitation or contracting.
low,not_direct_checkable,law_fincpa_main_2026-01-02:제27조:①,law_fincpa_main_2026-01-02:제27조:①:ob01,제27조,①,금융상품자문업자의 영업행위준칙 등,general_principle,single_unit,law_fincpa_main_2026-01-02:제27조:①:01,Financial product advisors must provide advisory services to financial consumers with the duty of care of a good manager.,금융상품자문업자는 금융소비자에 대하여 선 량한 관리자의 주의로 자문에 응하여야 한다.,general,advisory,general_principle,must_do,needs_subrule_design,consumer_facing,high,"This establishes the core fiduciary duty of care for financial product advisors. While it is a general principle, it requires internal guidelines to define the standard of care in actual advisory workflows."
low,not_direct_checkable,law_fincpa_main_2026-01-02:제27조:②,law_fincpa_main_2026-01-02:제27조:②:ob01,제27조,②,금융상품자문업자의 영업행위준칙 등,general_principle,single_unit,law_fincpa_main_2026-01-02:제27조:②:01,Financial product advisors must perform their advisory duties faithfully to protect the interests of financial consumers.,금융상품자문업자는 금융소비자의 이익을 보호하기 위하여 자문업무를 충실하게 수행하여야 한다.,general,advisory,general_principle,must_do,needs_subrule_design,consumer_facing,high,"This is a foundational fiduciary duty for financial product advisors, requiring internal guidelines to define 'faithful performance' in advisory practices."
low,split_parent,law_fincpa_main_2026-01-02:제27조:③,law_fincpa_main_2026-01-02:제27조:③:ob02,제27조,③,금융상품자문업자의 영업행위준칙 등,explanation_duty,split_unit,law_fincpa_main_2026-01-02:제27조:③:2,Post signs or present credentials to consumers proving status as a financial product advisory business.,자신이 금융상품자문업자라는 사실을 나타내는 표지를 게시하거나 증표를 금융소비자에게 내보여야 한다.,investment,advisory,required_action,must_do,direct_checkable,consumer_facing,high,This is a physical or visual verification requirement (posting signage or presenting identification/credentials) to establish identity.
low,core_obligation_mode,law_fincpa_main_2026-01-02:제27조:④,law_fincpa_main_2026-01-02:제27조:④:ob01,제27조,④,금융상품자문업자의 영업행위준칙 등,advertising_compliance,single_unit,law_fincpa_main_2026-01-02:제27조:④:01,Non-independent financial product advisory businesses must not use the word 'independent' or its foreign equivalents in their names or advertisements.,독립금융상품자문업자가 아닌 자는 “독립”이라는 문자 또는 이와 같은 의미를 가지고 있 는 외국어 문자로서 대통령령으로 정하는 문자(이하 “독립문자”라 한다)를 명칭이나 광고에 사용할 수 없다.,general,advertising,prohibited_action,must_not_do,direct_checkable,consumer_facing,high,This is a straightforward prohibition on misleading naming and advertising for entities that do not qualify as independent financial product advisory businesses.
